,Id,Sale_Price_Preds
0,1461,116531.32426462517
1,1462,151216.50940800647
2,1463,173151.16884428248
3,1464,189795.04510464377
4,1465,195070.38841262175
5,1466,172822.79952738938
6,1467,185381.81089216482
7,1468,159766.79905164606
8,1469,217528.63402877352
9,1470,114363.60816006434
10,1471,197636.2743864904
11,1472,100564.02564050336
12,1473,89204.85556533186
13,1474,147392.59354058973
14,1475,113103.5263147055
15,1476,350343.50973033847
16,1477,235853.283174789
17,1478,325892.95329831867
18,1479,308312.3167211843
19,1480,446012.5250280901
20,1481,294844.4092571314
21,1482,207909.3237169387
22,1483,177933.37644093353
23,1484,169228.64797939314
24,1485,201489.54461697693
25,1486,204298.3902365373
26,1487,303488.2277022231
27,1488,234019.68748506677
28,1489,192488.4764207884
29,1490,245777.0925777469
30,1491,197114.51904577814
31,1492,96226.37834664155
32,1493,211263.56142102362
33,1494,271672.2406887034
34,1495,268774.7097937227
35,1496,241031.39465672045
36,1497,179332.23013196647
37,1498,163490.68865837983
38,1499,170778.76126497818
39,1500,160569.9961695564
40,1501,201106.8510622405
41,1502,154787.56509175888
42,1503,277220.5005303038
43,1504,242864.96745342825
44,1505,223711.85670171957
45,1506,193858.886230571
46,1507,250350.40612600985
47,1508,192842.84549587025
48,1509,163549.41627876367
49,1510,139399.53483276395
50,1511,144452.20783494163
51,1512,177902.46472241153
52,1513,157980.01192887954
53,1514,145031.06234187563
54,1515,207361.72926833262
55,1516,168924.8401554035
56,1517,176913.35814885105
57,1518,129400.12856408468
58,1519,223100.2444667104
59,1520,120924.93313740492
60,1521,115527.93543455642
61,1522,198633.70888119505
62,1523,101955.52017365134
63,1524,123918.96239411825
64,1525,111775.66150765395
65,1526,96955.84481763846
66,1527,101375.52122412258
67,1528,152703.61388286905
68,1529,150514.2385397411
69,1530,209054.64330215595
70,1531,137979.05006935436
71,1532,112484.10713566447
72,1533,141071.9591650225
73,1534,127919.07692658185
74,1535,147980.6107859547
75,1536,102134.32682535413
76,1537,36491.727570994684
77,1538,169170.39934447323
78,1539,214686.55491217336
79,1540,116630.13589261755
80,1541,132265.805777881
81,1542,131416.65313774825
82,1543,176899.37529151302
83,1544,92212.63409628008
84,1545,118262.73859587032
85,1546,137820.39608081878
86,1547,131955.80554710783
87,1548,139193.30925765628
88,1549,109563.73146526799
89,1550,130210.90881669804
90,1551,114405.73284500475
91,1552,141688.39448950446
92,1553,162859.22454637339
93,1554,122327.51783792171
94,1555,152839.57625160864
95,1556,71242.87277896755
96,1557,96586.23756947661
97,1558,90950.20701400163
98,1559,88106.68368287686
99,1560,144198.3330601978
100,1561,128297.85132492814
101,1562,125069.8702215557
102,1563,123260.40775340504
103,1564,147788.6399086791
104,1565,143544.38190329843
105,1566,243378.89357112203
106,1567,77179.74422623285
107,1568,216745.8408465911
108,1569,110920.46276058565
109,1570,156510.10438880036
110,1571,105351.39149416436
111,1572,145806.20099555442
112,1573,256942.0227778901
113,1574,128125.26939571071
114,1575,239268.0676084216
115,1576,239338.2321842008
116,1577,188049.7149355923
117,1578,145936.1112395302
118,1579,131952.53781561065
119,1580,190244.7510240086
120,1581,162703.16971899435
121,1582,132829.41588867625
122,1583,272434.7805230002
123,1584,226870.6637140019
124,1585,149317.2822257684
125,1586,54782.41261381819
126,1587,110182.41007028712
127,1588,160990.0303737405
128,1589,108928.83702520684
129,1590,136687.96217792836
130,1591,97417.18022413358
131,1592,118680.9874799342
132,1593,141707.4897766156
133,1594,153030.59441537326
134,1595,118117.1000743423
135,1596,217587.71003731887
136,1597,171007.19965990394
137,1598,201990.69022232195
138,1599,208365.72309106088
139,1600,187417.7189500172
140,1601,36333.942333794796
141,1602,123644.44200918515
142,1603,90711.50357155358
143,1604,284723.6057739653
144,1605,250942.79941058403
145,1606,162179.42255078282
146,1607,169207.011776595
147,1608,222270.02229129427
148,1609,190967.7626760796
149,1610,146646.07259241515
150,1611,138098.5168977111
151,1612,194044.807291124
152,1613,164689.9995633472
153,1614,142377.55314651475
154,1615,91206.667139238
155,1616,60052.11638291007
156,1617,77522.66192418722
157,1618,116452.87405713405
158,1619,151376.5041726624
159,1620,164498.05692228235
160,1621,135045.55291097373
161,1622,138365.5458696315
162,1623,263372.8033759197
163,1624,218312.8222697844
164,1625,108672.15895460805
165,1626,176983.22217737624
166,1627,179873.67299692574
167,1628,284063.5834451151
168,1629,182334.53011308773
169,1630,308962.60880695813
170,1631,205185.20080645912
171,1632,221871.95910177857
172,1633,187231.94385569444
173,1634,194845.5671793856
174,1635,182587.20690607332
175,1636,154649.21621898445
176,1637,198221.9066871001
177,1638,207736.562914121
178,1639,188895.36371705812
179,1640,251200.80197969975
180,1641,179639.68631118664
181,1642,261548.89963818897
182,1643,220626.43696533245
183,1644,230891.49576201098
184,1645,212351.00746453364
185,1646,158969.01893530728
186,1647,160676.22471186385
187,1648,127328.64158135324
188,1649,133001.84623956436
189,1650,117883.44793883222
190,1651,116784.92276513312
191,1652,104518.9101450631
192,1653,106519.17460797797
193,1654,143853.3857784848
194,1655,133292.5116557862
195,1656,136815.44057720786
196,1657,143829.93114852553
197,1658,147784.45961220312
198,1659,115992.03981472683
199,1660,155884.1194185142
200,1661,407966.88346051134
201,1662,376748.80614066124
202,1663,364337.9672173818
203,1664,444653.53486138606
204,1665,324259.7942889058
205,1666,313356.6594776751
206,1667,354167.0730155203
207,1668,343184.1177990356
208,1669,313957.1240081483
209,1670,347727.917651186
210,1671,235236.36899097197
211,1672,385142.7052361226
212,1673,265805.83454724436
213,1674,236615.31661307107
214,1675,181259.70906181497
215,1676,189446.1796879489
216,1677,203159.86079376552
217,1678,432264.1286541013
218,1679,367435.84279391926
219,1680,331430.1731527047
220,1681,282319.6789722907
221,1682,306892.0720898801
222,1683,182831.2353950177
223,1684,183773.0290258999
224,1685,182272.13048210472
225,1686,178604.65921886274
226,1687,186477.8804164293
227,1688,196664.6233432914
228,1689,204875.7717920824
229,1690,205907.85851235033
230,1691,199489.3205934176
231,1692,286494.9187062411
232,1693,188201.38442630848
233,1694,184700.02973065796
234,1695,170817.97401027678
235,1696,262493.64804546494
236,1697,175880.32638377792
237,1698,307233.1915295748
238,1699,280840.3890325229
239,1700,242742.179649383
240,1701,263791.633833805
241,1702,239135.11812211896
242,1703,236260.21366247904
243,1704,260354.97186392127
244,1705,258817.34578014398
245,1706,399630.5123579219
246,1707,232829.83280052047
247,1708,195689.15857571407
248,1709,246871.8344181014
249,1710,222138.22718823524
250,1711,274324.1422019451
251,1712,243930.36791279944
252,1713,272189.7346460662
253,1714,219169.24736347908
254,1715,210895.03266249047
255,1716,185802.72401709002
256,1717,190908.2492703856
257,1718,141247.06228839097
258,1719,223183.4094629182
259,1720,241332.81234441153
260,1721,179670.0031782083
261,1722,129621.43115306704
262,1723,162021.44784262835
263,1724,210728.72653823585
264,1725,237031.6442584707
265,1726,197271.18679332457
266,1727,151220.69139107503
267,1728,195123.12740900202
268,1729,157555.5315408438
269,1730,180655.13701513718
270,1731,121485.45104824434
271,1732,134321.8941971202
272,1733,103799.9739437952
273,1734,112141.88070515502
274,1735,140302.44326667616
275,1736,98856.05260581904
276,1737,281714.0369813498
277,1738,235177.5149544847
278,1739,258564.99551011043
279,1740,203349.00124840473
280,1741,183917.31518851832
281,1742,183526.24386336116
282,1743,183401.13642635482
283,1744,319659.327272092
284,1745,226656.62354791787
285,1746,233455.46163771898
286,1747,229782.19727513724
287,1748,239824.3676561678
288,1749,152037.19583982186
289,1750,142947.7598576027
290,1751,260735.11637364072
291,1752,111160.42605759908
292,1753,152022.05211146278
293,1754,200804.11682896904
294,1755,162885.61937876744
295,1756,124942.78802919033
296,1757,114139.14354413864
297,1758,149041.93197376173
298,1759,163075.03701749136
299,1760,164605.19325887153
300,1761,157659.60841141047
301,1762,183423.27824020653
302,1763,190608.87286412547
303,1764,110546.3988918518
304,1765,186384.0180520671
305,1766,184319.87349684868
306,1767,217954.52813373276
307,1768,145620.9668180883
308,1769,170842.21373174607
309,1770,158506.4550538168
310,1771,130609.51618428354
311,1772,131765.02357990714
312,1773,121528.38871828765
313,1774,155362.1438093757
314,1775,135423.0105655954
315,1776,135704.16900720616
316,1777,108778.0244101099
317,1778,148495.7548658187
318,1779,118784.116240184
319,1780,188973.24932231582
320,1781,125088.8016439392
321,1782,67717.7306394977
322,1783,138616.04516495235
323,1784,97652.48543199035
324,1785,149604.85603990755
325,1786,143178.32784318397
326,1787,190485.09404292185
327,1788,59346.81956260388
328,1789,110207.43068206256
329,1790,48033.1787038099
330,1791,210228.14190326794
331,1792,164041.76566707215
332,1793,132618.33351772427
333,1794,178051.62629354026
334,1795,127735.08858736709
335,1796,159689.81385715347
336,1797,135958.19221347588
337,1798,126795.89052929265
338,1799,105091.4164526829
339,1800,140711.9741400668
340,1801,119886.92645583485
341,1802,152169.42346376178
342,1803,165238.34490839462
343,1804,123395.52838484365
344,1805,141896.54789903024
345,1806,138204.60853945566
346,1807,150232.31414126474
347,1808,127415.15295463345
348,1809,123075.07205631699
349,1810,144255.7040841777
350,1811,93515.1214989548
351,1812,99601.95583627762
352,1813,119441.8598912424
353,1814,85761.43673601413
354,1815,33526.929981163776
355,1816,106976.2085999396
356,1817,106839.41022273104
357,1818,179191.72724738516
358,1819,159461.20262748812
359,1820,57992.00224556615
360,1821,126150.05611943193
361,1822,156823.03408001253
362,1823,36760.77377155605
363,1824,147889.83124119788
364,1825,144038.45869350687
365,1826,94064.93910468595
366,1827,89985.05542682509
367,1828,127987.22963689733
368,1829,146885.41825695362
369,1830,148482.3820607721
370,1831,157628.24591591852
371,1832,67613.53914607526
372,1833,144989.05437379982
373,1834,114388.15248887504
374,1835,110400.87017935507
375,1836,134473.0995942207
376,1837,72237.78509882039
377,1838,107274.04328708923
378,1839,100736.23251473362
379,1840,150539.08600551143
380,1841,137503.81356589345
381,1842,96847.58382078141
382,1843,120423.9217039297
383,1844,145264.51128946195
384,1845,139279.17292794277
385,1846,139050.71208917335
386,1847,169542.085266454
387,1848,21469.96306704558
388,1849,123278.54863588238
389,1850,119984.2714810292
390,1851,151568.80021638024
391,1852,138168.54527811942
392,1853,127754.83045769212
393,1854,175873.71288784238
394,1855,147952.9715912731
395,1856,228259.7141980236
396,1857,157701.3813084384
397,1858,166620.1993772364
398,1859,121928.79512496953
399,1860,152916.44362531835
400,1861,120702.9500648689
401,1862,318180.77682626806
402,1863,316724.56790531287
403,1864,316738.3267740757
404,1865,364653.5860821026
405,1866,359559.8197264251
406,1867,229475.84017341796
407,1868,297544.45318643074
408,1869,214124.81345214014
409,1870,227373.7497616273
410,1871,281637.94627567666
411,1872,179510.23580187504
412,1873,234974.79491323503
413,1874,148535.1823554759
414,1875,205258.2873857047
415,1876,198198.08419094994
416,1877,207692.21260792587
417,1878,219088.11198021704
418,1879,118785.19266191145
419,1880,132151.8917940827
420,1881,239753.43438817828
421,1882,245901.31005884838
422,1883,195235.3390043559
423,1884,209179.81019435902
424,1885,253189.4146190717
425,1886,297780.3271045333
426,1887,221369.15830567238
427,1888,258208.19655587475
428,1889,175229.55871148518
429,1890,115453.11333281189
430,1891,139985.95084443528
431,1892,97195.18452901047
432,1893,130239.66881992211
433,1894,114471.75271339889
434,1895,135604.71801741162
435,1896,130075.94676650518
436,1897,104099.71594291052
437,1898,114823.49711790896
438,1899,161902.01957221326
439,1900,148623.4933752487
440,1901,163691.07705990624
441,1902,146536.9885521198
442,1903,221472.92851674688
443,1904,152431.14686084888
444,1905,184051.39571181766
445,1906,132219.260745886
446,1907,207013.73298095912
447,1908,117968.35826195896
448,1909,146446.16985577132
449,1910,127217.53063336496
450,1911,205928.85626693958
451,1912,309230.22868792154
452,1913,151440.9570069102
453,1914,66059.64022332623
454,1915,325913.0682903776
455,1916,47138.85978034031
456,1917,246945.6345750393
457,1918,137053.3103167335
458,1919,177968.928203615
459,1920,172020.6351960719
460,1921,378066.88505602564
461,1922,354873.0423443106
462,1923,232342.01430050124
463,1924,212658.99235586892
464,1925,211944.05002144419
465,1926,384327.7098702581
466,1927,125616.94172221114
467,1928,150331.6682593016
468,1929,115733.71524529986
469,1930,130299.08439414891
470,1931,143470.2543731439
471,1932,140139.00423644006
472,1933,188065.3727450678
473,1934,173440.53560684656
474,1935,162816.39676762183
475,1936,196658.58772291787
476,1937,177886.6926346598
477,1938,180165.3078530611
478,1939,246317.30842314282
479,1940,196676.4645334528
480,1941,170323.43996754507
481,1942,181400.49619464861
482,1943,227329.60342805332
483,1944,367841.102534413
484,1945,374458.61111673934
485,1946,147054.51862385694
486,1947,334899.2538853177
487,1948,163620.26692225828
488,1949,255558.00201592874
489,1950,202960.2341538323
490,1951,250565.55251273548
491,1952,206390.5260342135
492,1953,178923.1876380859
493,1954,197589.13079968377
494,1955,126169.97725380577
495,1956,293737.2624522883
496,1957,157681.29839612212
497,1958,283522.5234768532
498,1959,142880.2563551855
499,1960,102450.97514351856
500,1961,120629.74210561215
501,1962,92195.6083981601
502,1963,106125.97802115983
503,1964,97594.8229012182
504,1965,134334.33552923883
505,1966,137751.1237424342
506,1967,290059.25413496397
507,1968,389186.7077868101
508,1969,372378.0110708409
509,1970,390450.56847575377
510,1971,434344.61777554965
511,1972,356636.922074467
512,1973,266999.5691886476
513,1974,337425.0472620918
514,1975,458012.4365475186
515,1976,260467.88827985062
516,1977,351697.1924034988
517,1978,331819.68682516087
518,1979,313692.9178380043
519,1980,190524.52819666069
520,1981,348281.605076701
521,1982,205213.7414536906
522,1983,197094.89629304988
523,1984,173727.43162571607
524,1985,236473.1566461185
525,1986,208893.53953063508
526,1987,210217.1239227924
527,1988,178359.99140238276
528,1989,202919.12638830917
529,1990,216316.4836322844
530,1991,218888.9763179258
531,1992,233586.55913195107
532,1993,185054.07121870219
533,1994,244139.0037041849
534,1995,185270.3222030726
535,1996,264617.0912549646
536,1997,325363.7256537851
537,1998,281706.05589341663
538,1999,277872.361072048
539,2000,291258.73226738966
540,2001,258430.06273500685
541,2002,257287.14408852387
542,2003,239949.27278200156
543,2004,274173.46087785834
544,2005,248191.07049606368
545,2006,225119.7752227144
546,2007,242046.96679145575
547,2008,215287.18276669254
548,2009,206394.03980357165
549,2010,197338.64640231655
550,2011,153932.09533931024
551,2012,181175.69701093982
552,2013,179430.7454169332
553,2014,187487.4967459368
554,2015,205674.22693768176
555,2016,199156.29879673748
556,2017,202571.16034712494
557,2018,120400.77483560987
558,2019,139208.64816193804
559,2020,87234.367579414
560,2021,93045.97980641075
561,2022,175080.29242008828
562,2023,145432.49003202593
563,2024,271965.04950787907
564,2025,327030.62854902714
565,2026,176495.05025224175
566,2027,160386.6150806507
567,2028,161901.66063214582
568,2029,166425.65257463616
569,2030,272233.21616771206
570,2031,252784.5962494057
571,2032,286642.7470000227
572,2033,264546.2945870412
573,2034,180785.59069293953
574,2035,220285.8310961136
575,2036,212010.3078708533
576,2037,212902.7900623388
577,2038,326670.73968612886
578,2039,229766.2187628206
579,2040,316943.0794902566
580,2041,292730.0601094075
581,2042,206816.36979627155
582,2043,168452.56902931133
583,2044,188031.09450715885
584,2045,198561.69143557452
585,2046,140764.94026819366
586,2047,143418.71462765566
587,2048,148270.05600643237
588,2049,138473.06649611826
589,2050,172684.68108395085
590,2051,115865.00367191932
591,2052,134440.92036543874
592,2053,146508.56066995024
593,2054,77248.36358966083
594,2055,161708.97933836307
595,2056,156029.0500414719
596,2057,107451.67375230817
597,2058,211265.34936416752
598,2059,131210.18120825224
599,2060,169965.34673734015
600,2061,192596.4142922463
601,2062,120695.50320965727
602,2063,117714.71830548136
603,2064,126269.9833554911
604,2065,119819.67827277388
605,2066,183749.83959121243
606,2067,130950.29279491668
607,2068,142245.64108840327
608,2069,92771.5109105129
609,2070,118549.4488084593
610,2071,91669.37565262929
611,2072,149361.5132005332
612,2073,138056.10690023671
613,2074,174693.604143856
614,2075,166296.49644504758
615,2076,124787.90976299357
616,2077,156355.49783954702
617,2078,124333.3389594375
618,2079,144917.6668322369
619,2080,124961.34923155035
620,2081,123477.81364805516
621,2082,144514.9254920191
622,2083,155719.16057981527
623,2084,104485.98614492052
624,2085,113399.286213143
625,2086,138384.50030707172
626,2087,129319.63550481878
627,2088,90492.69300351934
628,2089,68275.05421873745
629,2090,131258.6719664323
630,2091,79930.30434650507
631,2092,118108.43738892788
632,2093,165762.43135339802
633,2094,126877.60808719216
634,2095,132862.49836979105
635,2096,79342.29657380046
636,2097,96803.5257710572
637,2098,152164.97547008915
638,2099,27335.180037162238
639,2100,61198.26858340626
640,2101,105969.75454295077
641,2102,144876.236341713
642,2103,89235.54985980161
643,2104,149167.45279110075
644,2105,139562.74543515735
645,2106,27447.35490383173
646,2107,205540.326843012
647,2108,115260.99437427736
648,2109,98670.14608949731
649,2110,123739.969362125
650,2111,143831.0057126771
651,2112,137593.30128025127
652,2113,114717.03243877823
653,2114,123773.21736093695
654,2115,157067.6933194794
655,2116,118921.7618709089
656,2117,143458.4981569987
657,2118,123963.78263078662
658,2119,95843.54943417985
659,2120,119101.27372347936
660,2121,94639.2490687525
661,2122,98691.09205405888
662,2123,77234.26980725623
663,2124,173681.93591453644
664,2125,139732.8673045775
665,2126,144336.7123890262
666,2127,176779.65495229757
667,2128,143755.37445600244
668,2129,111502.26802180658
669,2130,133186.99775073546
670,2131,139205.99055864074
671,2132,105510.6376489281
672,2133,122598.73751122164
673,2134,131623.4435062397
674,2135,102613.86294634745
675,2136,49610.618006187826
676,2137,114357.87696820714
677,2138,134957.4766441657
678,2139,144186.58060832063
679,2140,138884.9406385472
680,2141,170308.99454304046
681,2142,120242.8139612751
682,2143,135314.97158863145
683,2144,113420.52796910839
684,2145,147281.45763568138
685,2146,194623.95661777386
686,2147,138023.1410882849
687,2148,145157.0293276528
688,2149,148832.60117124094
689,2150,231796.58786634752
690,2151,142522.42259014898
691,2152,189002.00818885988
692,2153,191396.58810114337
693,2154,100184.61393629144
694,2155,151192.9898432414
695,2156,260118.3500327443
696,2157,231576.916589632
697,2158,239601.85894023578
698,2159,221739.0145986724
699,2160,195012.04386568491
700,2161,237792.65882540573
701,2162,370033.6994096332
702,2163,365439.24202569167
703,2164,250016.28778427723
704,2165,195671.74204551626
705,2166,164524.60070191603
706,2167,224385.9132084404
707,2168,194109.7542763815
708,2169,201255.1401863125
709,2170,223566.86372125824
710,2171,158301.97834519768
711,2172,137972.47325580797
712,2173,168104.01145085
713,2174,224665.32428221864
714,2175,269153.8555527344
715,2176,308832.228360175
716,2177,235149.20471474424
717,2178,219768.20911763434
718,2179,150722.6213678229
719,2180,216860.55148353835
720,2181,203588.06491816184
721,2182,228057.04079174116
722,2183,201811.1621598921
723,2184,124903.5602562232
724,2185,131493.42378114304
725,2186,140873.1613179938
726,2187,155936.81111518087
727,2188,164029.98965047114
728,2189,340769.1484812276
729,2190,83308.19978765598
730,2191,77288.34186227222
731,2192,71257.47626483355
732,2193,136589.4699531602
733,2194,104299.88408384821
734,2195,83915.65887838892
735,2196,115269.08274687533
736,2197,113929.08701509336
737,2198,161815.0267736535
738,2199,189562.14213780646
739,2200,135369.17290188902
740,2201,140108.80540073558
741,2202,204831.70928588932
742,2203,141717.6290530871
743,2204,161152.7591117274
744,2205,120517.23439658905
745,2206,137321.68927312465
746,2207,221615.08621009436
747,2208,232721.1159290042
748,2209,207251.63558892382
749,2210,127123.50369789242
750,2211,124290.05310185894
751,2212,117062.33888308886
752,2213,100111.31803680661
753,2214,140360.05075023117
754,2215,96343.1814548051
755,2216,141634.21686377583
756,2217,55723.97680451399
757,2218,92093.18060472737
758,2219,88130.84406205262
759,2220,52527.99724520315
760,2221,326337.73422380246
761,2222,301808.05738335854
762,2223,301711.67504381784
763,2224,219139.85278318025
764,2225,136113.31351454373
765,2226,180306.4767656937
766,2227,208190.30232352126
767,2228,299522.7619162828
768,2229,261171.92915626583
769,2230,144882.2678588687
770,2231,225890.5624066628
771,2232,173106.90159978118
772,2233,181377.47703651196
773,2234,262485.61547434825
774,2235,246174.50381337616
775,2236,258125.4246138889
776,2237,311911.4224547803
777,2238,203836.73569048982
778,2239,122918.69411561562
779,2240,178843.94475167588
780,2241,133339.49431691229
781,2242,119850.57395315115
782,2243,129983.24518077465
783,2244,97741.86115317326
784,2245,110456.1736060265
785,2246,141337.41107919512
786,2247,125500.08400130049
787,2248,128606.97873959328
788,2249,117396.80708971423
789,2250,125560.24546022789
790,2251,109082.45686159634
791,2252,179300.47750790624
792,2253,163637.62412089886
793,2254,172919.1511334234
794,2255,188890.55589221208
795,2256,183581.68497307372
796,2257,213601.23380645196
797,2258,157920.06155092551
798,2259,174229.44419964644
799,2260,166131.79279141471
800,2261,201661.02342505616
801,2262,226486.0883645324
802,2263,352908.90612666955
803,2264,398597.045209061
804,2265,165407.33527158818
805,2266,318184.1081156923
806,2267,351946.9957561232
807,2268,412491.51374934346
808,2269,166067.6448997604
809,2270,198965.6897331916
810,2271,210308.33962176315
811,2272,216903.93565438455
812,2273,154767.0150736636
813,2274,183624.83686221341
814,2275,152980.11736326443
815,2276,193856.0440644478
816,2277,189732.01579616938
817,2278,154137.2456719179
818,2279,132313.94220977926
819,2280,112316.09325571201
820,2281,171501.81141920944
821,2282,183905.64520770276
822,2283,112377.4009663834
823,2284,132320.17111663826
824,2285,141841.6560751027
825,2286,117474.37207187437
826,2287,375938.29340114957
827,2288,283184.1853057616
828,2289,309798.5110466953
829,2290,412656.3424582648
830,2291,340302.0782707052
831,2292,400621.7569472788
832,2293,423917.8639591156
833,2294,379649.7049532624
834,2295,422788.09256497555
835,2296,250775.6711488495
836,2297,366480.9475837348
837,2298,360227.45501021796
838,2299,337014.56274067925
839,2300,317868.30880228255
840,2301,328472.4677216294
841,2302,235911.14468494005
842,2303,239120.6955836729
843,2304,235673.9536824256
844,2305,193453.98642084384
845,2306,182632.73328567707
846,2307,190549.8142898971
847,2308,210815.02583911945
848,2309,304927.6765477116
849,2310,206465.97979278443
850,2311,202775.2973823156
851,2312,183844.6603724837
852,2313,182370.84819712944
853,2314,186119.9078058997
854,2315,190661.0122858553
855,2316,222231.28128971168
856,2317,192561.4165933863
857,2318,187377.77366946285
858,2319,191166.37797100568
859,2320,191554.17461222314
860,2321,246426.34344825213
861,2322,196834.03312401584
862,2323,202300.4609975214
863,2324,200954.0405955711
864,2325,219983.03074464033
865,2326,184014.52853529612
866,2327,206734.35935949895
867,2328,230575.68861368226
868,2329,195058.3686839647
869,2330,183571.87588084742
870,2331,305303.9890698104
871,2332,382112.80152320967
872,2333,294031.2927584009
873,2334,251012.1274566354
874,2335,292196.30526486
875,2336,287506.281213758
876,2337,205316.1782174406
877,2338,256223.04061966995
878,2339,228168.8462102197
879,2340,386036.5660616176
880,2341,213563.89277795504
881,2342,231104.54211472836
882,2343,218505.07823142922
883,2344,226347.29782391482
884,2345,224236.40840810828
885,2346,219412.62820096168
886,2347,198419.85355151878
887,2348,241635.9914066504
888,2349,179613.84730473388
889,2350,329525.06527515047
890,2351,270083.2114226715
891,2352,243455.14620767927
892,2353,243310.82492555538
893,2354,146895.07182397766
894,2355,154610.87533138666
895,2356,165485.1088109517
896,2357,191765.3534278377
897,2358,194180.74172571153
898,2359,129009.02970827869
899,2360,115701.50887493024
900,2361,146509.71521993325
901,2362,257642.5550844812
902,2363,148882.12403067364
903,2364,178334.96338197557
904,2365,217281.23958738093
905,2366,199431.2336449036
906,2367,222683.73223482794
907,2368,230780.43975916528
908,2369,206853.851809553
909,2370,169384.26273323654
910,2371,169982.24397682937
911,2372,190031.9932078968
912,2373,291876.8835407261
913,2374,313986.7401087418
914,2375,247948.1357377099
915,2376,275814.80741796014
916,2377,310718.43654790614
917,2378,149660.18144571185
918,2379,226587.911194215
919,2380,152715.7811484917
920,2381,170731.40317167947
921,2382,214615.62739998102
922,2383,201022.90920803993
923,2384,246424.32445422164
924,2385,166039.76720974527
925,2386,129970.70955601809
926,2387,134566.6800392982
927,2388,112609.98757010541
928,2389,115896.98064323244
929,2390,146974.04837851392
930,2391,133867.28043361387
931,2392,110549.63860054975
932,2393,165304.0408041427
933,2394,145494.46206001058
934,2395,212186.13886341295
935,2396,143227.50269408975
936,2397,208564.26755897075
937,2398,130444.47403543985
938,2399,50876.83868678489
939,2400,59578.9913063601
940,2401,116503.93248044465
941,2402,137898.71067832445
942,2403,140324.94303769985
943,2404,144291.51449231742
944,2405,158466.67796430495
945,2406,137773.61349770223
946,2407,130018.16249906554
947,2408,153980.17426194105
948,2409,116419.06163389288
949,2410,190553.09150158777
950,2411,111598.2302285952
951,2412,151841.97823869626
952,2413,128037.91617531319
953,2414,170442.74132081665
954,2415,129907.94581000577
955,2416,131385.99503434845
956,2417,126346.64885460684
957,2418,131719.60382694515
958,2419,124220.3099075431
959,2420,123851.24803994289
960,2421,152685.53291545215
961,2422,103987.7689676425
962,2423,117988.99068183501
963,2424,152364.9937716897
964,2425,213691.42367473908
965,2426,119292.23171381143
966,2427,135444.66864798032
967,2428,185550.28964124597
968,2429,103948.32233906022
969,2430,131340.23147641012
970,2431,100444.94549885887
971,2432,157425.19204824822
972,2433,153556.92647415507
973,2434,144664.55103819893
974,2435,163916.2797387059
975,2436,124117.86039856749
976,2437,97741.5423257889
977,2438,109134.5277992217
978,2439,106065.58105985279
979,2440,128164.06918355878
980,2441,107068.92838627084
981,2442,93833.19905522333
982,2443,141255.87324285094
983,2444,122675.88024963392
984,2445,76981.20589673893
985,2446,139864.7760752223
986,2447,197663.06471265582
987,2448,135929.83114078335
988,2449,119113.32815872108
989,2450,153980.05867689385
990,2451,123578.79446411342
991,2452,208903.19999499258
992,2453,92879.26511031702
993,2454,105501.02217650838
994,2455,113774.93204977881
995,2456,140461.69920685003
996,2457,116132.38992414204
997,2458,130882.11980935368
998,2459,99242.84143186145
999,2460,148072.01803867027
1000,2461,132910.91024706652
1001,2462,127587.18566480384
1002,2463,125752.2069413822
1003,2464,176605.4927427249
1004,2465,138144.14428023514
1005,2466,120094.40113384268
1006,2467,153901.34431567538
1007,2468,77771.73110496924
1008,2469,73477.67047329126
1009,2470,196423.49035691287
1010,2471,217052.62222911834
1011,2472,168263.34829807066
1012,2473,102323.62136340892
1013,2474,61130.064373901434
1014,2475,231302.53743163426
1015,2476,102403.07338888285
1016,2477,96421.06341543453
1017,2478,135104.91325945576
1018,2479,106667.9224022344
1019,2480,150231.04930203303
1020,2481,121855.38697040002
1021,2482,119066.82016503965
1022,2483,102879.3871871643
1023,2484,128597.34743954142
1024,2485,130122.28069677227
1025,2486,145737.65508738442
1026,2487,187086.59847258945
1027,2488,170778.900989013
1028,2489,155263.9192214292
1029,2490,145804.40628662682
1030,2491,111889.84662051915
1031,2492,179430.8399514397
1032,2493,157706.21550437537
1033,2494,151812.18673631945
1034,2495,95801.91624938694
1035,2496,232101.47585093067
1036,2497,161993.78163758782
1037,2498,108317.45612102079
1038,2499,84260.37216412235
1039,2500,107129.36089058222
1040,2501,142072.35702627903
1041,2502,152442.8711217187
1042,2503,96260.16289910642
1043,2504,187072.34106238082
1044,2505,228597.79294343077
1045,2506,255488.13396028694
1046,2507,271309.31354518025
1047,2508,255636.4938068419
1048,2509,224879.7475766973
1049,2510,220957.3465980734
1050,2511,181558.92191427987
1051,2512,222569.09323687223
1052,2513,233978.22907701298
1053,2514,271751.28214262764
1054,2515,133681.30355088104
1055,2516,179428.23583240755
1056,2517,149770.1030617468
1057,2518,147495.52376464228
1058,2519,241459.19953415572
1059,2520,219231.35247057973
1060,2521,193521.0147302635
1061,2522,225980.02534009784
1062,2523,112066.97045358503
1063,2524,126769.70997016349
1064,2525,119766.92308652439
1065,2526,130383.09663950981
1066,2527,116039.84654616119
1067,2528,120250.21931320212
1068,2529,154848.05927835623
1069,2530,127299.98241628971
1070,2531,257123.69345663476
1071,2532,230621.5915171845
1072,2533,202384.39960421485
1073,2534,245127.69197588053
1074,2535,279423.4830093804
1075,2536,238375.26137382834
1076,2537,243728.08987761402
1077,2538,193488.26214255672
1078,2539,202280.9036726152
1079,2540,190449.22034764802
1080,2541,187202.28610841677
1081,2542,167752.00699140265
1082,2543,128674.45042303202
1083,2544,112312.30476431166
1084,2545,146424.4927339698
1085,2546,131945.6693855959
1086,2547,157629.120231349
1087,2548,170906.6516285788
1088,2549,154244.77100570351
1089,2550,604279.1911384353
1090,2551,153841.2324759637
1091,2552,133460.9745069214
1092,2553,74508.4010413224
1093,2554,92909.0605694662
1094,2555,113530.63967235238
1095,2556,88149.35335033479
1096,2557,120697.96429738676
1097,2558,179222.1835504501
1098,2559,129431.61341296724
1099,2560,145953.51129294673
1100,2561,152701.5506446521
1101,2562,137711.73863006098
1102,2563,142729.7906166759
1103,2564,188107.2091705292
1104,2565,148510.82829773633
1105,2566,147954.86896113819
1106,2567,107584.02769322462
1107,2568,176491.8137257825
1108,2569,187176.06726527784
1109,2570,125808.55961713883
1110,2571,163853.65636986212
1111,2572,165097.90538040444
1112,2573,199126.37174854998
1113,2574,291294.99157889705
1114,2575,134036.34971259482
1115,2576,125668.01395323353
1116,2577,158487.99980739798
1117,2578,89561.28622058134
1118,2579,29871.40791357524
1119,2580,116066.97055251163
1120,2581,127361.5671182659
1121,2582,137482.09890475444
1122,2583,271176.43093490903
1123,2584,163967.31311621724
1124,2585,192725.20862030986
1125,2586,220590.80550217733
1126,2587,203838.8776951697
1127,2588,124250.92752268052
1128,2589,148489.53246527078
1129,2590,217661.98671981881
1130,2591,264126.637878255
1131,2592,228375.02108682896
1132,2593,281006.06145551347
1133,2594,177487.09194202122
1134,2595,237460.0482698144
1135,2596,289898.20771810773
1136,2597,210750.3266556202
1137,2598,280160.71340704587
1138,2599,377501.2901281088
1139,2600,203614.2421380052
1140,2601,161357.96497719904
1141,2602,66093.7082321798
1142,2603,86524.90384927562
1143,2604,73500.6576194926
1144,2605,60053.48448780262
1145,2606,142124.22840620833
1146,2607,231638.14184973948
1147,2608,208157.59500064366
1148,2609,177839.54778590653
1149,2610,106316.05897513086
1150,2611,130572.81913385131
1151,2612,155492.00034596358
1152,2613,132605.2262547408
1153,2614,114868.12267689579
1154,2615,153487.75681486304
1155,2616,160446.88371958118
1156,2617,188230.93847558432
1157,2618,248368.214244572
1158,2619,207959.8246742653
1159,2620,192434.171043861
1160,2621,172541.92388099374
1161,2622,183251.70192913522
1162,2623,242480.4117097179
1163,2624,294645.36089507677
1164,2625,250338.5145637514
1165,2626,171104.15303916892
1166,2627,155521.64679028024
1167,2628,425662.0416513005
1168,2629,462383.6781623985
1169,2630,353786.93521116464
1170,2631,418543.1494966989
1171,2632,393329.972441738
1172,2633,300213.84908244654
1173,2634,399490.641051096
1174,2635,158783.27614922685
1175,2636,186609.265502
1176,2637,225646.0128491705
1177,2638,258900.00166478375
1178,2639,177655.42373827283
1179,2640,149476.55513190615
1180,2641,94661.31103245121
1181,2642,187710.57428675197
1182,2643,109989.53522045734
1183,2644,109883.58580023839
1184,2645,108578.3452699085
1185,2646,93433.49840243753
1186,2647,107467.7027096108
1187,2648,134450.42334337148
1188,2649,160963.96212782903
1189,2650,138556.55578504514
1190,2651,135358.44135315646
1191,2652,365564.8737395421
1192,2653,235319.80400243838
1193,2654,256859.15886583197
1194,2655,391144.3120826637
1195,2656,317822.887293153
1196,2657,345922.1127173704
1197,2658,321279.1838882945
1198,2659,320119.2305228225
1199,2660,350577.9653519356
1200,2661,344991.42603677465
1201,2662,368098.06388120574
1202,2663,253287.84949174876
1203,2664,300321.65068521176
1204,2665,337306.04521336494
1205,2666,291934.56636520766
1206,2667,186807.13493963712
1207,2668,194992.68290604645
1208,2669,192716.91760080337
1209,2670,277756.394965679
1210,2671,196598.98271933696
1211,2672,206546.62487037334
1212,2673,204123.2571513533
1213,2674,196364.1992714972
1214,2675,194215.29858952027
1215,2676,200953.4011765806
1216,2677,190837.82817993194
1217,2678,257142.8538096669
1218,2679,258274.5930438174
1219,2680,275427.619074316
1220,2681,398607.7529681645
1221,2682,290445.2286014515
1222,2683,456804.49952847674
1223,2684,311333.1840453265
1224,2685,302455.58131560846
1225,2686,238681.21755251713
1226,2687,286666.48314778466
1227,2688,216162.1881824896
1228,2689,215918.5083371064
1229,2690,375305.08785643283
1230,2691,185829.85365013007
1231,2692,154062.08795537153
1232,2693,204938.40970634593
1233,2694,153188.4271091946
1234,2695,194649.77071327082
1235,2696,186000.69984725214
1236,2697,181722.1221948674
1237,2698,210361.12475215812
1238,2699,173288.48363266495
1239,2700,154828.69622373916
1240,2701,155159.38153595623
1241,2702,117823.79168886595
1242,2703,146044.2713479644
1243,2704,133507.68034112517
1244,2705,108365.35271118925
1245,2706,103865.72849736275
1246,2707,136702.99822433532
1247,2708,117907.72702760005
1248,2709,105462.59033593386
1249,2710,123304.4947380624
1250,2711,297450.1053732012
1251,2712,384519.00884613744
1252,2713,166973.07707763102
1253,2714,153652.99625837556
1254,2715,175814.8747644168
1255,2716,146484.70402886916
1256,2717,193486.95661959125
1257,2718,215245.72583618376
1258,2719,133882.84648529545
1259,2720,187377.2358113351
1260,2721,131416.38750629377
1261,2722,174260.52125610926
1262,2723,162024.19818193253
1263,2724,132661.6614968597
1264,2725,123606.05282004744
1265,2726,128521.00900109673
1266,2727,180678.49526111933
1267,2728,176712.19441334123
1268,2729,142771.82818335397
1269,2730,140497.75933310122
1270,2731,140004.12322084705
1271,2732,142515.2539369146
1272,2733,159899.429808605
1273,2734,168200.63505618446
1274,2735,128872.7611083273
1275,2736,135454.7167187003
1276,2737,109811.99239428535
1277,2738,128816.44238138763
1278,2739,152140.65745715323
1279,2740,142911.46421312445
1280,2741,153235.89941352452
1281,2742,173613.29023253245
1282,2743,150224.75160708796
1283,2744,158503.2283880949
1284,2745,146919.93499727905
1285,2746,131194.66759995185
1286,2747,178201.93849962938
1287,2748,116386.58288061697
1288,2749,128253.96613874375
1289,2750,109986.16572112383
1290,2751,127459.76787945263
1291,2752,242765.01780598293
1292,2753,138449.7068158849
1293,2754,224567.26552547567
1294,2755,138941.2883076878
1295,2756,84727.4767210864
1296,2757,66210.66158236856
1297,2758,71030.01348229253
1298,2759,164751.50918622856
1299,2760,125480.64632307945
1300,2761,135239.2346752913
1301,2762,134233.31488505035
1302,2763,197966.38731618502
1303,2764,181169.5868258212
1304,2765,289304.75860213634
1305,2766,115420.72886040816
1306,2767,86773.09002258624
1307,2768,123259.94401867453
1308,2769,140121.8885798785
1309,2770,156627.68908157712
1310,2771,104295.71487639094
1311,2772,92796.25711220836
1312,2773,171376.724478359
1313,2774,144688.1833014954
1314,2775,119512.70840965852
1315,2776,144773.93909281216
1316,2777,154776.84719379948
1317,2778,131318.00679402094
1318,2779,127551.14318473669
1319,2780,95562.45607478348
1320,2781,86884.62889339715
1321,2782,84911.01250383006
1322,2783,78624.19587214098
1323,2784,117275.2409703916
1324,2785,140885.26910675206
1325,2786,49307.43824812032
1326,2787,123534.38388192674
1327,2788,56959.63526651634
1328,2789,175367.081229342
1329,2790,86894.0002419272
1330,2791,109465.24674470208
1331,2792,50739.39765622506
1332,2793,148195.8761050548
1333,2794,86886.72219634276
1334,2795,112813.00476044929
1335,2796,89197.0753726856
1336,2797,225926.5129439779
1337,2798,113892.39149670859
1338,2799,111087.25923657558
1339,2800,69678.46088145186
1340,2801,108842.20829800141
1341,2802,132908.2504208193
1342,2803,177042.2020056762
1343,2804,150545.21658508095
1344,2805,118662.24742694068
1345,2806,75904.8309398823
1346,2807,164290.43822744593
1347,2808,147870.06688669955
1348,2809,127651.96215505662
1349,2810,121998.75447271351
1350,2811,167490.90977314344
1351,2812,172218.99300425447
1352,2813,151386.1758349067
1353,2814,145128.50114918756
1354,2815,102413.52231073559
1355,2816,215339.31921241223
1356,2817,154766.15141738197
1357,2818,133276.17342255526
1358,2819,205223.42407823054
1359,2820,138034.3390345474
1360,2821,125402.26077969957
1361,2822,213868.71241902173
1362,2823,323604.7018221635
1363,2824,155031.69976120105
1364,2825,169711.65470038337
1365,2826,131626.6513271916
1366,2827,142658.36261218612
1367,2828,249149.95704727405
1368,2829,214665.60513609255
1369,2830,227024.17933751247
1370,2831,192056.7783468403
1371,2832,235716.51346240938
1372,2833,330417.65438657504
1373,2834,234477.18590602494
1374,2835,234324.80357894063
1375,2836,204513.7562024318
1376,2837,158661.81023402096
1377,2838,145087.83819321982
1378,2839,180117.48482913768
1379,2840,201180.07019255677
1380,2841,208578.9313663461
1381,2842,231612.43457580067
1382,2843,154479.4408644242
1383,2844,155391.43073124712
1384,2845,122844.64863336178
1385,2846,212663.37267535797
1386,2847,203808.18429681912
1387,2848,223131.0651791609
1388,2849,205733.63793273104
1389,2850,276785.6773751336
1390,2851,224494.45282795816
1391,2852,224589.8121433271
1392,2853,237658.1284125227
1393,2854,149702.00310456022
1394,2855,206499.8001819954
1395,2856,206952.73898135143
1396,2857,197218.04636482013
1397,2858,222042.29673797314
1398,2859,98617.42294825152
1399,2860,120967.43612545008
1400,2861,143477.4290710232
1401,2862,202314.52818588322
1402,2863,149646.89105952636
1403,2864,263528.6133229222
1404,2865,155540.85389889448
1405,2866,160941.74031140772
1406,2867,96203.70946126361
1407,2868,97069.3129774874
1408,2869,101368.79186789223
1409,2870,117833.12966666225
1410,2871,84057.24529570954
1411,2872,20384.018098943518
1412,2873,95601.11992392219
1413,2874,137048.20647866194
1414,2875,111723.17064413324
1415,2876,187587.78820420185
1416,2877,158143.98144482842
1417,2878,158135.63896463177
1418,2879,118361.78576360882
1419,2880,98214.3490245083
1420,2881,123190.88900709827
1421,2882,166592.71358392818
1422,2883,188218.55893211535
1423,2884,205949.534905794
1424,2885,176554.4575722997
1425,2886,224930.44142827124
1426,2887,117173.10979162686
1427,2888,141527.968897851
1428,2889,39366.38929355511
1429,2890,68391.7912418714
1430,2891,139889.6788543479
1431,2892,49140.49139103567
1432,2893,97715.68425872293
1433,2894,43496.44762517339
1434,2895,349605.07201494265
1435,2896,285119.85435361246
1436,2897,215601.77044414578
1437,2898,151599.91194692388
1438,2899,236144.54635621654
1439,2900,157186.64431593378
1440,2901,224749.11815038056
1441,2902,194499.2587704294
1442,2903,317087.6957758672
1443,2904,344167.55302610015
1444,2905,79376.25251185976
1445,2906,207172.84476270454
1446,2907,117397.45541214323
1447,2908,124359.04294614759
1448,2909,148470.4519473423
1449,2910,66043.30316692694
1450,2911,65898.89997128093
1451,2912,153419.54653235796
1452,2913,69050.18594391212
1453,2914,64176.72601419197
1454,2915,74762.61495487833
1455,2916,69184.42787967944
1456,2917,170344.06563874884
1457,2918,114413.80129230121
1458,2919,221605.13743422818
